{
    "info": {
      "name": "Daily Planner API",
      "schema": "https://schema.getpostman.com/json/collection/v2.1.0/collection.json"
    },
    "item": [
      {
        "name": "Auth",
        "item": [
          {
            "name": "Register",
            "request": {
              "method": "POST",
              "header": [
                {
                  "key": "Content-Type",
                  "value": "application/json"
                }
              ],
              "body": {
                "mode": "raw",
                "raw": "{\n  \"username\": \"user\",\n  \"password\": \"1234\"\n}"
              },
              "url": {
                "raw": "http://localhost:8080/api/auth/register",
                "protocol": "http",
                "host": ["localhost"],
                "port": "8080",
                "path": ["api", "auth", "register"]
              }
            }
          },
          {
            "name": "Login",
            "request": {
              "method": "POST",
              "header": [
                {
                  "key": "Content-Type",
                  "value": "application/json"
                }
              ],
              "body": {
                "mode": "raw",
                "raw": "{\n  \"username\": \"user\",\n  \"password\": \"1234\"\n}"
              },
              "url": {
                "raw": "http://localhost:8080/api/auth/login",
                "protocol": "http",
                "host": ["localhost"],
                "port": "8080",
                "path": ["api", "auth", "login"]
              }
            }
          },
          {
            "name": "Me",
            "request": {
              "method": "GET",
              "header": [
                {
                  "key": "Authorization",
                  "value": "Bearer {{token}}"
                }
              ],
              "url": {
                "raw": "http://localhost:8080/me",
                "protocol": "http",
                "host": ["localhost"],
                "port": "8080",
                "path": ["me"]
              }
            }
          }
        ]
      },
      {
        "name": "Planner",
        "item": [
          {
            "name": "Get Plans",
            "request": {
              "method": "GET",
              "header": [
                {
                  "key": "Authorization",
                  "value": "Bearer {{token}}"
                }
              ],
              "url": {
                "raw": "http://localhost:8080/plans",
                "protocol": "http",
                "host": ["localhost"],
                "port": "8080",
                "path": ["plans"]
              }
            }
          },
          {
            "name": "Create Plan",
            "request": {
              "method": "POST",
              "header": [
                {
                  "key": "Content-Type",
                  "value": "application/json"
                },
                {
                  "key": "Authorization",
                  "value": "Bearer {{token}}"
                }
              ],
              "body": {
                "mode": "raw",
                "raw": "{\n  \"title\": \"Sample Plan\",\n  \"description\": \"This is a sample plan.\"\n}"
              },
              "url": {
                "raw": "http://localhost:8080/plans",
                "protocol": "http",
                "host": ["localhost"],
                "port": "8080",
                "path": ["plans"]
              }
            }
          },
          {
            "name": "Update Plan",
            "request": {
              "method": "PUT",
              "header": [
                {
                  "key": "Content-Type",
                  "value": "application/json"
                },
                {
                  "key": "Authorization",
                  "value": "Bearer {{token}}"
                }
              ],
              "body": {
                "mode": "raw",
                "raw": "{\n  \"title\": \"Updated Plan\",\n  \"description\": \"This is an updated plan.\"\n}"
              },
              "url": {
                "raw": "http://localhost:8080/plans/1",
                "protocol": "http",
                "host": ["localhost"],
                "port": "8080",
                "path": ["plans", "1"]
              }
            }
          },
          {
            "name": "Delete Plan",
            "request": {
              "method": "DELETE",
              "header": [
                {
                  "key": "Authorization",
                  "value": "Bearer {{token}}"
                }
              ],
              "url": {
                "raw": "http://localhost:8080/plans/1",
                "protocol": "http",
                "host": ["localhost"],
                "port": "8080",
                "path": ["plans", "1"]
              }
            }
          }
        ]
      },
      {
        "name": "Admin",
        "item": [
          {
            "name": "Get All Users",
            "request": {
              "method": "GET",
              "header": [
                {
                  "key": "Authorization",
                  "value": "Bearer {{token}}"
                }
              ],
              "url": {
                "raw": "http://localhost:8080/admin/users",
                "protocol": "http",
                "host": ["localhost"],
                "port": "8080",
                "path": ["admin", "users"]
              }
            }
          },
          {
            "name": "Delete User",
            "request": {
              "method": "DELETE",
              "header": [
                {
                  "key": "Authorization",
                  "value": "Bearer {{token}}"
                }
              ],
              "url": {
                "raw": "http://localhost:8080/admin/users/1",
                "protocol": "http",
                "host": ["localhost"],
                "port": "8080",
                "path": ["admin", "users", "1"]
              }
            }
          },
          {
            "name": "Update User Role",
            "request": {
              "method": "PUT",
              "header": [
                {
                  "key": "Content-Type",
                  "value": "application/json"
                },
                {
                  "key": "Authorization",
                  "value": "Bearer {{token}}"
                }
              ],
              "body": {
                "mode": "raw",
                "raw": "{\n  \"role\": \"admin\"\n}"
              },
              "url": {
                "raw": "http://localhost:8080/admin/users/1/role",
                "protocol": "http",
                "host": ["localhost"],
                "port": "8080",
                "path": ["admin", "users", "1", "role"]
              }
            }
          },
          {
            "name": "Get All Plans",
            "request": {
              "method": "GET",
              "header": [
                {
                  "key": "Authorization",
                  "value": "Bearer {{token}}"
                }
              ],
              "url": {
                "raw": "http://localhost:8080/admin/plans",
                "protocol": "http",
                "host": ["localhost"],
                "port": "8080",
                "path": ["admin", "plans"]
              }
            }
          }
        ]
      }
    ]
  }
  